English short name;French short name;Alpha-2 code;Alpha-3 code;Numeric
Åland Islands;Åland(les Îles);AX;ALA;248
Zimbabwe;Zimbabwe (le);ZW;ZWE;716
Zambia;Zambie (la);ZM;ZMB;894
Yemen;Yémen (le);YE;YEM;887
Western Sahara*;Sahara occidental (le)*;EH;ESH;732
Wallis and Futuna;Wallis-et-Futuna;WF;WLF;876
Virgin Islands (U.S.);Vierges des États-Unis (les Îles);VI;VIR;850
Virgin Islands (British);Vierges britanniques (les Îles);VG;VGB;92
Viet Nam;Viet Nam (le);VN;VNM;704
Venezuela (Bolivarian Republic of);Venezuela (République bolivarienne du);VE;VEN;862
Vanuatu;Vanuatu (le);VU;VUT;548
Uzbekistan;Ouzbékistan (l');UZ;UZB;860
Uruguay;Uruguay (l');UY;URY;858
United States of America (the);États-Unis d'Amérique (les);US;USA;840
United States Minor Outlying Islands (the);Îles mineures éloignées des États-Unis (les);UM;UMI;581
United Kingdom of Great Britain and Northern Ireland (the);Royaume-Uni de Grande-Bretagne et d'Irlande du Nord (le);GB;GBR;826
United Arab Emirates (the);Émirats arabes unis (les);AE;ARE;784
Ukraine;Ukraine (l');UA;UKR;804
Uganda;Ouganda (l');UG;UGA;800
Türkiye;Türkiye (la);TR;TUR;792
Tuvalu;Tuvalu (les);TV;TUV;798
Turks and Caicos Islands (the);Turks-et-Caïcos (les Îles);TC;TCA;796
Turkmenistan;Turkménistan (le);TM;TKM;795
Tunisia;Tunisie (la);TN;TUN;788
Trinidad and Tobago;Trinité-et-Tobago (la);TT;TTO;780
Tonga;Tonga (les);TO;TON;776
Tokelau;Tokelau (les);TK;TKL;772
Togo;Togo (le);TG;TGO;768
Timor-Leste;Timor-Leste (le);TL;TLS;626
Thailand;Thaïlande (la);TH;THA;764
Tanzania, the United Republic of;Tanzanie (la République-Unie de);TZ;TZA;834
Tajikistan;Tadjikistan (le);TJ;TJK;762
Taiwan (Province of China);Taïwan (Province de Chine);TW;TWN;158
Syrian Arab Republic (the);République arabe syrienne (la);SY;SYR;760
Switzerland;Suisse (la);CH;CHE;756
Sweden;Suède (la);SE;SWE;752
Svalbard and Jan Mayen;Svalbard et l'Île Jan Mayen (le);SJ;SJM;744
Suriname;Suriname (le);SR;SUR;740
Sudan (the);Soudan (le);SD;SDN;729
Sri Lanka;Sri Lanka;LK;LKA;144
Spain;Espagne (l');ES;ESP;724
South Sudan;Soudan du Sud (le);SS;SSD;728
South Georgia and the South Sandwich Islands;Géorgie du Sud-et-les Îles Sandwich du Sud (la);GS;SGS;239
South Africa;Afrique du Sud (l');ZA;ZAF;710
Somalia;Somalie (la);SO;SOM;706
Solomon Islands;Salomon (les Îles);SB;SLB;90
Slovenia;Slovénie (la);SI;SVN;705
Slovakia;Slovaquie (la);SK;SVK;703
Sint Maarten (Dutch part);Saint-Martin (partie néerlandaise);SX;SXM;534
Singapore;Singapour;SG;SGP;702
Sierra Leone;Sierra Leone (la);SL;SLE;694
Seychelles;Seychelles (les);SC;SYC;690
Serbia;Serbie (la);RS;SRB;688
Senegal;Sénégal (le);SN;SEN;686
Saudi Arabia;Arabie saoudite (l');SA;SAU;682
Sao Tome and Principe;Sao Tomé-et-Principe;ST;STP;678
San Marino;Saint-Marin;SM;SMR;674
Samoa;Samoa (le);WS;WSM;882
Saint Vincent and the Grenadines;Saint-Vincent-et-les Grenadines;VC;VCT;670
Saint Pierre and Miquelon;Saint-Pierre-et-Miquelon;PM;SPM;666
Saint Martin (French part);Saint-Martin (partie française);MF;MAF;663
Saint Lucia;Sainte-Lucie;LC;LCA;662
Saint Kitts and Nevis;Saint-Kitts-et-Nevis;KN;KNA;659
Saint Helena, Ascension and Tristan da Cunha;Sainte-Hélène, Ascension et Tristan da Cunha;SH;SHN;654
Saint Barthélemy;Saint-Barthélemy;BL;BLM;652
Réunion;Réunion (La);RE;REU;638
Rwanda;Rwanda (le);RW;RWA;646
Russian Federation (the);Russie (la Fédération de);RU;RUS;643
Romania;Roumanie (la);RO;ROU;642
Qatar;Qatar (le);QA;QAT;634
Puerto Rico;Porto Rico;PR;PRI;630
Portugal;Portugal (le);PT;PRT;620
Poland;Pologne (la);PL;POL;616
Pitcairn;Pitcairn;PN;PCN;612
Philippines (the);Philippines (les);PH;PHL;608
Peru;Pérou (le);PE;PER;604
Paraguay;Paraguay (le);PY;PRY;600
Papua New Guinea;Papouasie-Nouvelle-Guinée (la);PG;PNG;598
Panama;Panama (le);PA;PAN;591
Palestine, State of;Palestine, État de;PS;PSE;275
Palau;Palaos (les);PW;PLW;585
Pakistan;Pakistan (le);PK;PAK;586
Oman;Oman;OM;OMN;512
Norway;Norvège (la);NO;NOR;578
Northern Mariana Islands (the);Mariannes du Nord (les Îles);MP;MNP;580
North Macedonia;Macédoine du Nord (la);MK;MKD;807
Norfolk Island;Norfolk (l'Île);NF;NFK;574
Niue;Niue;NU;NIU;570
Nigeria;Nigéria (le);NG;NGA;566
Niger (the);Niger (le);NE;NER;562
Nicaragua;Nicaragua (le);NI;NIC;558
New Zealand;Nouvelle-Zélande (la);NZ;NZL;554
New Caledonia;Nouvelle-Calédonie (la);NC;NCL;540
Netherlands (Kingdom of the);Pays-Bas (Royaume des);NL;NLD;528
Nepal;Népal (le);NP;NPL;524
Nauru;Nauru;NR;NRU;520
Namibia;Namibie (la);NA;NAM;516
Myanmar;Myanmar (le);MM;MMR;104
Mozambique;Mozambique (le);MZ;MOZ;508
Morocco;Maroc (le);MA;MAR;504
Montserrat;Montserrat;MS;MSR;500
Montenegro;Monténégro (le);ME;MNE;499
Mongolia;Mongolie (la);MN;MNG;496
Monaco;Monaco;MC;MCO;492
Moldova (the Republic of);Moldova (la République de);MD;MDA;498
Micronesia (Federated States of);Micronésie (États fédérés de);FM;FSM;583
Mexico;Mexique (le);MX;MEX;484
Mayotte;Mayotte;YT;MYT;175
Mauritius;Maurice;MU;MUS;480
Mauritania;Mauritanie (la);MR;MRT;478
Martinique;Martinique (la);MQ;MTQ;474
Marshall Islands (the);Marshall (les Îles);MH;MHL;584
Malta;Malte;MT;MLT;470
Mali;Mali (le);ML;MLI;466
Maldives;Maldives (les);MV;MDV;462
Malaysia;Malaisie (la);MY;MYS;458
Malawi;Malawi (le);MW;MWI;454
Madagascar;Madagascar;MG;MDG;450
Macao;Macao;MO;MAC;446
Luxembourg;Luxembourg (le);LU;LUX;442
Lithuania;Lituanie (la);LT;LTU;440
Liechtenstein;Liechtenstein (le);LI;LIE;438
Libya;Libye (la);LY;LBY;434
Liberia;Libéria (le);LR;LBR;430
Lesotho;Lesotho (le);LS;LSO;426
Lebanon;Liban (le);LB;LBN;422
Latvia;Lettonie (la);LV;LVA;428
Lao People's Democratic Republic (the);Lao (la République démocratique populaire);LA;LAO;418
Kyrgyzstan;Kirghizistan (le);KG;KGZ;417
Kuwait;Koweït (le);KW;KWT;414
Korea (the Republic of);Corée (la République de);KR;KOR;410
Korea (the Democratic People's Republic of);Corée (la République populaire démocratique de);KP;PRK;408
Kiribati;Kiribati;KI;KIR;296
Kenya;Kenya (le);KE;KEN;404
Kazakhstan;Kazakhstan (le);KZ;KAZ;398
Jordan;Jordanie (la);JO;JOR;400
Jersey;Jersey;JE;JEY;832
Japan;Japon (le);JP;JPN;392
Jamaica;Jamaïque (la);JM;JAM;388
Italy;Italie (l');IT;ITA;380
Israel;Israël;IL;ISR;376
Isle of Man;Île de Man;IM;IMN;833
Ireland;Irlande (l');IE;IRL;372
Iraq;Iraq (l');IQ;IRQ;368
Iran (Islamic Republic of);Iran (République Islamique d');IR;IRN;364
Indonesia;Indonésie (l');ID;IDN;360
India;Inde (l');IN;IND;356
Iceland;Islande (l');IS;ISL;352
Hungary;Hongrie (la);HU;HUN;348
Hong Kong;Hong Kong;HK;HKG;344
Honduras;Honduras (le);HN;HND;340
Holy See (the);Saint-Siège (le);VA;VAT;336
Heard Island and McDonald Islands;Heard-et-Îles MacDonald (l'Île);HM;HMD;334
Haiti;Haïti;HT;HTI;332
Guyana;Guyana (le);GY;GUY;328
Guinea-Bissau;Guinée-Bissau (la);GW;GNB;624
Guinea;Guinée (la);GN;GIN;324
Guernsey;Guernesey;GG;GGY;831
Guatemala;Guatemala (le);GT;GTM;320
Guam;Guam;GU;GUM;316
Guadeloupe;Guadeloupe (la);GP;GLP;312
Grenada;Grenade (la);GD;GRD;308
Greenland;Groenland (le);GL;GRL;304
Greece;Grèce (la);GR;GRC;300
Gibraltar;Gibraltar;GI;GIB;292
Ghana;Ghana (le);GH;GHA;288
Germany;Allemagne (l');DE;DEU;276
Georgia;Géorgie (la);GE;GEO;268
Gambia (the);Gambie (la);GM;GMB;270
Gabon;Gabon (le);GA;GAB;266
French Southern Territories (the);Terres australes françaises (les);TF;ATF;260
French Polynesia;Polynésie française (la);PF;PYF;258
French Guiana;Guyane française (la );GF;GUF;254
France;France (la);FR;FRA;250
Finland;Finlande (la);FI;FIN;246
Fiji;Fidji (les);FJ;FJI;242
Faroe Islands (the);Féroé (les Îles);FO;FRO;234
Falkland Islands (the) [Malvinas];Falkland (les Îles)/Malouines (les Îles);FK;FLK;238
Ethiopia;Éthiopie (l');ET;ETH;231
Eswatini;Eswatini (l');SZ;SWZ;748
Estonia;Estonie (l');EE;EST;233
Eritrea;Érythrée (l');ER;ERI;232
Equatorial Guinea;Guinée équatoriale (la);GQ;GNQ;226
El Salvador;El Salvador;SV;SLV;222
Egypt;Égypte (l');EG;EGY;818
Ecuador;Équateur (l');EC;ECU;218
Dominican Republic (the);dominicaine (la République);DO;DOM;214
Dominica;Dominique (la);DM;DMA;212
Djibouti;Djibouti;DJ;DJI;262
Denmark;Danemark (le);DK;DNK;208
Côte d'Ivoire;Côte d'Ivoire (la);CI;CIV;384
Czechia;Tchéquie (la);CZ;CZE;203
Cyprus;Chypre;CY;CYP;196
Curaçao;Curaçao;CW;CUW;531
Cuba;Cuba;CU;CUB;192
Croatia;Croatie (la);HR;HRV;191
Costa Rica;Costa Rica (le);CR;CRI;188
Cook Islands (the);Cook (les Îles);CK;COK;184
Congo (the);Congo (le);CG;COG;178
Congo (the Democratic Republic of the);Congo (la République démocratique du);CD;COD;180
Comoros (the);Comores (les);KM;COM;174
Colombia;Colombie (la);CO;COL;170
Cocos (Keeling) Islands (the);Cocos (les Îles)/ Keeling (les Îles);CC;CCK;166
Christmas Island;Christmas (l'Île);CX;CXR;162
China;Chine (la);CN;CHN;156
Chile;Chili (le);CL;CHL;152
Chad;Tchad (le);TD;TCD;148
Central African Republic (the);République centrafricaine (la);CF;CAF;140
Cayman Islands (the);Caïmans (les Îles);KY;CYM;136
Canada;Canada (le);CA;CAN;124
Cameroon;Cameroun (le);CM;CMR;120
Cambodia;Cambodge (le);KH;KHM;116
Cabo Verde;Cabo Verde;CV;CPV;132
Burundi;Burundi (le);BI;BDI;108
Burkina Faso;Burkina Faso (le);BF;BFA;854
Bulgaria;Bulgarie (la);BG;BGR;100
Brunei Darussalam;Brunéi Darussalam (le);BN;BRN;96
British Indian Ocean Territory (the);Indien (le Territoire britannique de l'océan);IO;IOT;86
Brazil;Brésil (le);BR;BRA;76
Bouvet Island;Bouvet (l'Île);BV;BVT;74
Botswana;Botswana (le);BW;BWA;72
Bosnia and Herzegovina;Bosnie-Herzégovine (la);BA;BIH;70
Bonaire, Sint Eustatius and Saba;Bonaire, Saint-Eustache et Saba;BQ;BES;535
Bolivia (Plurinational State of);Bolivie (État plurinational de);BO;BOL;68
Bhutan;Bhoutan (le);BT;BTN;64
Bermuda;Bermudes (les);BM;BMU;60
Benin;Bénin (le);BJ;BEN;204
Belize;Belize (le);BZ;BLZ;84
Belgium;Belgique (la);BE;BEL;56
Belarus;Bélarus (le);BY;BLR;112
Barbados;Barbade (la);BB;BRB;52
Bangladesh;Bangladesh (le);BD;BGD;50
Bahrain;Bahreïn;BH;BHR;48
Bahamas (The);Bahamas (Les);BS;BHS;44
Azerbaijan;Azerbaïdjan (l');AZ;AZE;31
Austria;Autriche (l');AT;AUT;40
Australia;Australie (l');AU;AUS;36
Aruba;Aruba;AW;ABW;533
Armenia;Arménie (l');AM;ARM;51
Argentina;Argentine (l');AR;ARG;32
Antigua and Barbuda;Antigua-et-Barbuda;AG;ATG;28
Antarctica;Antarctique (l');AQ;ATA;10
Anguilla;Anguilla;AI;AIA;660
Angola;Angola (l');AO;AGO;24
Andorra;Andorre (l');AD;AND;20
American Samoa;Samoa américaines (les);AS;ASM;16
Algeria;Algérie (l');DZ;DZA;12
Albania;Albanie (l');AL;ALB;8
Afghanistan;Afghanistan (l');AF;AFG;4
